00000,null,null,null,null,null,nah            
00000,null,null,null,null,null,nah           
00000,null,null,null,null,null,nah          
00000,null,null,null,null,null,nah         
00000,null,null,null,null,null,nah        
00000,null,null,null,null,null,Comments       
00000,null,null,null,null,null,test comments      
00000,null,null,null,null,null,additional comments     
00000,null,null,null,null,null,my hopefully displayed comments    
00000,null,null,null,null,null,lololol   
00000,null,null,null,null,test_code,comments 
00000,null,null,1,5,test_code_two,These are my comments